Workbook

Sheet Contratos_Públicos
A1: ID_Contrato | B1: Ano | C1: Tipo_Procedimento | D1: Rubrica | E1: Departamento | F1: Fornecedor | G1: Valor_Adjudicado | H1: Valor_Pago | I1: Estado | J1: Prazo_Contratual_Dias | K1: Prazo_Real_Dias | L1: Desvio_Orçamental | M1: Alerta_Irregularidade
A2: CT021 | B2: 2023 | C2: Ajuste Directo Simplificado | D2: Consultoria | E2: Ambiente e Energia | F2: Reparações Rápidas Lda | G2: 2203.39 | H2: 771.52 | I2: Suspenso | J2: 24 | K2: 24 | L2: -1431.87 | M2: Não
A3: CT057 | B3: 2022 | C3: Consulta Prévia | D3: Empreitadas de Obras | E3: Finanças Municipais | F3: Jardinagem Verde Lda | G3: 97589.01 | H3: 58054.25 | I3: Em Execução | J3: 111 | K3: 111 | L3: -39534.76 | M3: Não
A4: CT068 | B4: 2023 | C4: Concurso Público | D4: Locação | E4: Urbanismo | F4: DataSystems Lda | G4: 202375.39 | H4: 206679.51 | I4: Concluído | J4: 362 | K4: 296 | L4: 4304.12 | M4: Não
A5: CT014 | B5: 2022 | C5: Ajuste Directo Simplificado | D5: Aquisição de Serviços | E5: Informática e Modernização | F5: Limpeza Total Lda | G5: 612.93 | H5: 603.17 | I5: Concluído | J5: 27 | K5: 34 | L5: -9.76 | M5: Sim
A6: CT030 | B6: 2023 | C6: Ajuste Directo Simplificado | D6: Consultoria | E6: Urbanismo | F6: Consultores Públicos SA | G6: 3633.67 | H6: 3659.87 | I6: Concluído | J6: 24 | K6: 26 | L6: 26.2 | M6: Não
A7: CT026 | B7: 2023 | C7: Ajuste Directo Simplificado | D7: Consultoria | E7: Urbanismo | F7: ServiMunic Lda | G7: 520.61 | H7: 481.66 | I7: Concluído | J7: 19 | K7: 15 | L7: -38.95 | M7: Não
A8: CT038 | B8: 2023 | C8: Ajuste Directo | D8: Empreitadas de Obras | E8: Finanças Municipais | F8: SegurNet Lda | G8: 74784.76 | H8: 68805.06 | I8: Concluído | J8: 33 | K8: 28 | L8: -5979.7 | M8: Não
A9: CT019 | B9: 2023 | C9: Ajuste Directo Simplificado | D9: Aquisição de Bens | E9: Urbanismo | F9: Formação e Gestão SA | G9: 1775.83 | H9: 1814.19 | I9: Concluído | J9: 25 | K9: 23 | L9: 38.36 | M9: Não
A10: CT027 | B10: 2023 | C10: Ajuste Directo Simplificado | D10: Empreitadas de Obras | E10: Urbanismo | F10: Catering Municipal Lda | G10: 3349.27 | H10: 3210.51 | I10: Concluído | J10: 17 | K10: 14 | L10: -138.76 | M10: Não
A11: CT073 | B11: 2023 | C11: Concurso Público | D11: Consultoria | E11: Urbanismo | F11: Reparações Rápidas Lda | G11: 118881.04 | H11: 41217.2 | I11: Suspenso | J11: 97 | K11: 97 | L11: -77663.84 | M11: Não
A12: CT015 | B12: 2023 | C12: Ajuste Directo Simplificado | D12: Consultoria | E12: Finanças Municipais | F12: Catering Municipal Lda | G12: 2702.84 | H12: 2620.82 | I12: Concluído | J12: 18 | K12: 18 | L12: -82.02 | M12: Não
A13: CT078 | B13: 2022 | C13: Concurso Público | D13: Locação | E13: Educação | F13: Consultores Públicos SA | G13: 299817.05 | H13: 311510.13 | I13: Concluído | J13: 62 | K13: 73 | L13: 11693.08 | M13: Não
... A81: CT052 | B81: 2023 | C81: Ajuste Directo | D81: Locação | E81: Informática e Modernização | F81: Reparações Rápidas Lda | G81: 71210.9 | H81: 63197.67 | I81: Concluído | J81: 19 | K81: 15 | L81: -8013.23 | M81: Não

Sheet Análise
A1: ANÁLISE DE CONTRATOS PÚBLICOS — Município de Vila Feliz | 2022-2024
A2: Divisão Auditoria | Suporte à Auditoria Interna
A4: SECÇÃO A — Contratos por Tipo de Procedimento (Exercício 1 e 2)
A5: Tipo de Procedimento | B5: Nº Contratos | C5: Valor Total Adjudicado (€) | D5: Valor Total Pago (€) | E5: % Execução
A6: Ajuste Directo Simplificado | B6: =COUNTIF(Contratos_Públicos!C:C,A6) -> 30 | D6: =SUMIF(Contratos_Públicos!C:C,A6,Contratos_Públicos!H:H) -> 51920.17 | E6: =IF(C6=0,0,D6/C6) -> 0 | I6: =SOMA.SE(Contratos_Públicos!C:C;A6;Contratos_Públicos!G:G)
A7: Ajuste Directo | B7: =COUNTIF(Contratos_Públicos!C:C,A7) -> 22 | D7: =SUMIF(Contratos_Públicos!C:C,A7,Contratos_Públicos!H:H) -> 587106.94 | E7: =IF(C7=0,0,D7/C7) -> 0
A8: Consulta Prévia | B8: =COUNTIF(Contratos_Públicos!C:C,A8) -> 15 | D8: =SUMIF(Contratos_Públicos!C:C,A8,Contratos_Públicos!H:H) -> 1101389.3 | E8: =IF(C8=0,0,D8/C8) -> 0
A9: Concurso Público | B9: =COUNTIF(Contratos_Públicos!C:C,A9) -> 13 | D9: =SUMIF(Contratos_Públicos!C:C,A9,Contratos_Públicos!H:H) -> 1909741.9 | E9: =IF(C9=0,0,D9/C9) -> 0
A10: TOTAL | B10: =SUM(B6:B9) -> 80 | C10: =SUM(C6:C9) -> 0 | D10: =SUM(D6:D9) -> 3650158.3 | E10: =IF(C10=0,0,D10/C10) -> 0
A12: SECÇÃO B — Análise Cruzada: Tipo × Departamento com SOMA.SE.S (Exercício 3)
A13: Tipo Procedimento | B13: Departamento | C13: Valor Adjudicado (€) | D13: Nº Contratos
A14: Ajuste Directo | B14: Obras Municipais | C14: =SUMIFS(Contratos_Públicos!G:G,Contratos_Públicos!C:C,A14,Contratos_Públicos!E:E,B14) -> 62642.79 | D14: =COUNTIFS(Contratos_Públicos!C:C,A14,Contratos_Públicos!E:E,B14) -> 3
A15: Ajuste Directo Simplificado | B15: Informática e Modernização | C15: =SUMIFS(Contratos_Públicos!G:G,Contratos_Públicos!C:C,A15,Contratos_Públicos!E:E,B15) -> 1477.2 | D15: =COUNTIFS(Contratos_Públicos!C:C,A15,Contratos_Públicos!E:E,B15) -> 2
A16: ← preencher
A17: ← preencher
A18: ← preencher
A20: SECÇÃO C — Indicadores de Alerta para a Auditoria (Exercício 4)
A21: Indicador | B21: Resultado | C21: Fórmula
A22: Total de contratos com alerta de irregularidade | B22: =COUNTIF(Contratos_Públicos!M:M,"Sim") -> 4 | C22: CONTAR.SE
A23: Valor total adjudicado em contratos com alerta | B23: =SUMIF(Contratos_Públicos!M:M,"Sim",Contratos_Públicos!G:G) -> 436332.33 | C23: SOMASE
A24: Nº contratos Ajuste Directo com alerta | B24: =COUNTIFS(Contratos_Públicos!C:C,"Ajuste Directo",Contratos_Públicos!M:M,"Sim") -> 2 | C24: CONTAR.SE.S
A25: Valor médio adjudicado por contrato | B25: =AVERAGE(Contratos_Públicos!G:G) -> 61374.202 | C25: MÉDIA
A26: Nº contratos com prazo real > prazo contratual | B26: =COUNTIF(Contratos_Públicos!L:L,">0") -> 10 | C26: CONTAR.SE
A27: Valor total de contratos suspensos | B27: =SUMIF(Contratos_Públicos!I:I,"Suspenso",Contratos_Públicos!G:G) -> 428469.72 | C27: SOMA.SE
A29: SECÇÃO D — Classificar Contratos por Risco com SE (Exercício 5 — em Contratos_Públicos)
A30: Criar coluna N: 'Nível_Risco' em Contratos_Públicos usando SE aninhado
A31: Critério: SE Alerta_Irregularidade = "Sim" → "Alto" | SE Desvio_Orçamental > 0 → "Médio" | caso contrário → "Baixo"
A32: Fórmula (Excel PT): =SE(M2="Sim";"Alto";SE(L2>0;"Médio";"Baixo")) ← arrastar até N81
A34: SECÇÃO E — Perguntas para o Memo de Auditoria (Exercício 6)
A35: 1. Qual o tipo de procedimento com maior número de alertas de irregularidade? Qual o valor total envolvido?
A36: 2. Existe algum departamento com concentração elevada de ajustes directos acima dos limiares legais?
A37: 3. Qual a taxa de execução global (valor pago / valor adjudicado)? Está dentro do esperado?
A38: 4. Identifica os 3 factos mais relevantes para incluir no memo de auditoria — com dados numéricos.

Sheet Resolução_Docente
A1: RESOLUÇÃO — APENAS PARA DOCENTE
A3: EX.1 — CONTAR.SE por tipo | B3: =COUNTIF(Contratos_Públicos!C:C,"Ajuste Directo")
A4: EX.2 — SOMASE valor adjudicado | B4: =SUMIF(Contratos_Públicos!C:C,"Ajuste Directo",Contratos_Públicos!G:G)
A5: EX.2 — SOMASE valor pago | B5: =SUMIF(Contratos_Públicos!C:C,"Ajuste Directo",Contratos_Públicos!H:H)
A6: EX.2 — % execução | B6: =D6/C6 (valor pago / valor adjudicado)
A8: EX.3 — SOMASES (2 critérios) | B8: =SUMIFS(Contratos_Públicos!G:G,Contratos_Públicos!C:C,"Ajuste Directo",Contratos_Públicos!E:E,"Obras Municipais")
A9: EX.3 — COUNTIFS equivalente | B9: =COUNTIFS(Contratos_Públicos!C:C,"Ajuste Directo",Contratos_Públicos!E:E,"Obras Municipais")
A10: Diferença SOMASE vs SOMASES: | B10: SOMASE = 1 critério | SOMASES = 2+ critérios; intervalo_soma vem PRIMEIRO no SOMASES
A12: EX.4 — Alertas CONTAR.SE | B12: =COUNTIF(Contratos_Públicos!M:M,"Sim")
A13: EX.4 — Valor alertas SOMASE | B13: =SUMIF(Contratos_Públicos!M:M,"Sim",Contratos_Públicos!G:G)
A14: EX.4 — COUNTIFS tipo+alerta | B14: =COUNTIFS(Contratos_Públicos!C:C,"Ajuste Directo",Contratos_Públicos!M:M,"Sim")
A15: EX.4 — Desvio positivo CONTAR.SE | B15: =COUNTIF(Contratos_Públicos!L:L,">0")
A17: EX.5 — SE Nível_Risco (col N) | B17: =SE(M2="Sim";"Alto";SE(L2>0;"Médio";"Baixo")) — arrastar até N81
A19: EX.6 — TD com campo calculado:
A20: Inserir TD na folha nova | B20: Linhas: Tipo_Procedimento | Colunas: Estado | Valores: Soma Valor_Adjudicado
A21: Campo calculado: | B21: Analisar > Campos, Itens e Conjuntos > Campo Calculado
A22: Nome: Taxa_Execução | B22: Fórmula: =Valor_Pago/Valor_Adjudicado
A23: Formatar como %: | B23: Clicar no campo na TD > Formatar Células > Percentagem
A25: Memo — factos chave esperados:
A26: 1. Nº e valor alertas irregularidade | B26: COUNTIF col M = Sim + SUMIF
A27: 2. Tipo com mais alertas | B27: COUNTIFS tipo + alerta
A28: 3. Taxa execução global | B28: SUM(H)/SUM(G) — ou campo calculado na TD
A29: 4. Contratos suspensos | B29: SUMIF estado = Suspenso + valor adjudicado
